
[
    {
      "id": 1,
      "teacherName": "John Smith",
      "courseTitle": "Introduction to Python Programming",
      "courseBanner": "https://www.cdmi.in/courses@2x/web-developments.webp",
      "modules": 10,
      "courseHours": 200,
      "milestones": 10,
      "numberOfVideos": 50,
      "numberOfQuizzes": 10,
      "ratings": 4.5,
      "enrolledCount": 1000,
      "coursePrice": 49.99,
      "features": ["React", "Node JS", "MongoDB", "Node JS"]
    },
    {
      "id": 2,
      "teacherName": "Emily Johnson",
      "courseTitle": "Web Development Fundamentals",
      "courseBanner": "https://www.apponix.com/front/images/app-java.jpeg",
      "modules": 10,
      "courseHours": 30,
      "milestones": 10,
      "numberOfVideos": 60,
      "numberOfQuizzes": 15,
      "ratings": 4.8,
      "enrolledCount": 1500,
      "coursePrice": 59.99,
      "features": ["React", "Node JS", "MongoDB", "Node JS"]
      },
    {
        "id": 3,
        "teacherName": "Alice Brown",
        "courseTitle": "Introduction to Data Science",
        "courseBanner": "https://zamzamdigital.com/wp-content/uploads/2021/07/logographic.png",
        "modules": 10,
        "courseHours": 35,
        "milestones": 12,
        "numberOfVideos": 70,
        "numberOfQuizzes": 12,
        "ratings": 4.6,
        "enrolledCount": 1200,
        "coursePrice": 69.99,
        "features": ["React", "Node JS", "MongoDB", "Node JS"]
        },
      {
        "id": 4,
        "teacherName": "Michael Williams",
        "courseTitle": "Mobile App Development with React Native",
        "courseBanner": "https://www.cdmi.in/courses@2x/web-developments.webp",
        "modules": 10,
        "courseHours": 25,
        "milestones": 10,
        "numberOfVideos": 55,
        "numberOfQuizzes": 8,
        "ratings": 4.7,
        "enrolledCount": 800,
        "coursePrice": 54.99,
        "features": ["React", "Node JS", "MongoDB", "Node JS"]      },
      {
        "id": 5,
        "teacherName": "Sophia Martinez",
        "courseTitle": "Graphic Design Fundamentals",
        "courseBanner": "https://www.apponix.com/front/images/app-java.jpeg",
        "modules": 10,
        "courseHours": 20,
        "milestones": 10,
        "numberOfVideos": 40,
        "numberOfQuizzes": 5,
        "ratings": 4.9,
        "enrolledCount": 2000,
        "coursePrice": 39.99,
        "features": ["React", "Node JS", "MongoDB", "Node JS"]      },
      {
        "id": 6,
        "teacherName": "Daniel Garcia",
        "courseTitle": "Digital Marketing Essentials",
        "courseBanner": "https://zamzamdigital.com/wp-content/uploads/2021/07/logographic.png",
        "modules": 10,
        "courseHours": 30,
        "milestones": 10,
        "numberOfVideos": 65,
        "numberOfQuizzes": 10,
        "ratings": 4.7,
        "enrolledCount": 1800,
        "coursePrice": 49.99,
        "features": ["React", "Node JS", "MongoDB", "Node JS"]
      },
      {
        "id": 7,
        "teacherName": "Emma Wilson",
        "courseTitle": "Photography Masterclass",
        "courseBanner": "https://www.cdmi.in/courses@2x/web-developments.webp",
        "modules": 10,
        "courseHours": 40,
        "milestones": 10,
        "numberOfVideos": 80,
        "numberOfQuizzes": 6,
        "ratings": 4.8,
        "enrolledCount": 1600,
        "coursePrice": 59.99,
        "features": ["React", "Node JS", "MongoDB", "Node JS"]     
      },
      {
        "id": 8,
        "teacherName": "Matthew Turner",
        "courseTitle": "Financial Literacy",
        "courseBanner": "https://www.apponix.com/front/images/app-java.jpeg",
        "modules": 10,
        "courseHours": 25,
        "milestones": 10,
        "numberOfVideos": 50,
        "numberOfQuizzes": 8,
        "ratings": 4.6,
        "enrolledCount": 900,
        "coursePrice": 44.99,
        "features": ["React", "Node JS", "MongoDB", "Node JS"]      },
      {
        "id": 9,
        "teacherName": "Olivia Clark",
        "courseTitle": "Creative Writing Workshop",
        "courseBanner": "https://zamzamdigital.com/wp-content/uploads/2021/07/logographic.png",
        "modules": 10,
        "courseHours": 20,
        "milestones": 10,
        "numberOfVideos": 40,
        "numberOfQuizzes": 4,
        "ratings": 4.9,
        "enrolledCount": 1700,
        "coursePrice": 49.99,
        "features": ["React", "Node JS", "MongoDB", "Node JS"]      },
    {
      "id": 10,
      "teacherName": "David Brown",
      "courseTitle": "Machine Learning with Python",
      "courseBanner": "https://www.cdmi.in/courses@2x/web-developments.webp",
      "modules": 10,
      "courseHours": 40,
      "milestones": 10,
      "numberOfVideos": 70,
      "numberOfQuizzes": 20,
      "ratings": 4.7,
      "enrolledCount": 1200,
      "coursePrice": 79.99,
      "features": ["React", "Node JS", "MongoDB", "Node JS"]    }
  ]